MMS1,MMS2,MMS3,MMS4
0.,0.06997924,0.11059547,-0.05232682